{"cameraMode":{"drawMode":0,"name":"Shaded","section":"Shading Mode"},"sceneLighting":true,"audioPlay":false,"sceneViewState":{"m_AlwaysRefresh":false,"showFog":true,"showSkybox":true,"showFlares":true,"showImageEffects":true,"showParticleSystems":true,"showVisualEffectGraphs":true,"m_FxEnabled":false},"in2DMode":false,"pivot":{"x":211.4600067138672,"y":39.029998779296878,"z":150.22999572753907},"rotation":{"x":-0.13681934773921967,"y":0.8263117074966431,"z":-0.22762995958328248,"w":-0.49666348099708559},"size":1.0271373987197877,"orthographic":false}